time,amount
00:00:00,0.0
01:00:00,0.0
02:00:00,0.0
03:00:00,0.0
04:00:00,0.0
05:00:00,0.0
06:00:00,0.0
07:00:00,176.8417486
08:00:00,147.0808862
09:00:00,302.832815
10:00:00,350.0355323
11:00:00,881.7522187
12:00:00,944.3331059
13:00:00,1549.387011
14:00:00,1557.687755
15:00:00,1465.24362
16:00:00,859.4947205
17:00:00,439.2610869
18:00:00,102.1655822
19:00:00,106.6663155
20:00:00,106.6663155
21:00:00,0.0
22:00:00,0.0
23:00:00,0.0